cohort,month_n,active,size,ret
2016-09-01,0,1,1,100.0
2016-10-01,0,262,262,100.0
2016-10-01,6,1,262,0.38167938931297707
2016-10-01,9,1,262,0.38167938931297707
2016-10-01,11,1,262,0.38167938931297707
2016-12-01,0,1,1,100.0
2016-12-01,1,1,1,100.0
2017-01-01,0,717,717,100.0
2017-01-01,1,2,717,0.2789400278940028
2017-01-01,2,2,717,0.2789400278940028
2017-01-01,3,1,717,0.1394700139470014
2017-01-01,4,3,717,0.41841004184100417
2017-01-01,5,1,717,0.1394700139470014
2017-01-01,6,3,717,0.41841004184100417
2017-01-01,7,1,717,0.1394700139470014
2017-01-01,8,1,717,0.1394700139470014
2017-01-01,10,3,717,0.41841004184100417
2017-01-01,11,1,717,0.1394700139470014
2017-01-01,12,5,717,0.697350069735007
2017-02-01,0,1628,1628,100.0
2017-02-01,1,3,1628,0.18427518427518427
2017-02-01,2,5,1628,0.3071253071253071
2017-02-01,3,2,1628,0.12285012285012285
2017-02-01,4,7,1628,0.42997542997543
2017-02-01,5,2,1628,0.12285012285012285
2017-02-01,6,4,1628,0.2457002457002457
2017-02-01,7,3,1628,0.18427518427518427
2017-02-01,8,2,1628,0.12285012285012285
2017-02-01,9,3,1628,0.18427518427518427
2017-02-01,10,2,1628,0.12285012285012285
2017-02-01,11,5,1628,0.3071253071253071
2017-02-01,12,2,1628,0.12285012285012285
2017-03-01,0,2503,2503,100.0
2017-03-01,1,11,2503,0.43947263284059124
2017-03-01,2,9,2503,0.3595685177786656
2017-03-01,3,10,2503,0.3995205753096284
2017-03-01,4,9,2503,0.3595685177786656
2017-03-01,5,4,2503,0.15980823012385137
2017-03-01,6,4,2503,0.15980823012385137
2017-03-01,7,8,2503,0.31961646024770274
2017-03-01,8,8,2503,0.31961646024770274
2017-03-01,9,2,2503,0.07990411506192568
2017-03-01,10,9,2503,0.3595685177786656
2017-03-01,11,3,2503,0.11985617259288853
2017-03-01,12,5,2503,0.1997602876548142
2017-04-01,0,2256,2256,100.0
2017-04-01,1,14,2256,0.6205673758865249
2017-04-01,2,5,2256,0.22163120567375888
2017-04-01,3,4,2256,0.1773049645390071
2017-04-01,4,6,2256,0.26595744680851063
2017-04-01,5,6,2256,0.26595744680851063
2017-04-01,6,8,2256,0.3546099290780142
2017-04-01,7,7,2256,0.31028368794326244
2017-04-01,8,7,2256,0.31028368794326244
2017-04-01,9,4,2256,0.1773049645390071
2017-04-01,10,6,2256,0.26595744680851063
2017-04-01,11,2,2256,0.08865248226950355
2017-04-01,12,1,2256,0.044326241134751775
2017-05-01,0,3450,3450,100.0
2017-05-01,1,16,3450,0.463768115942029
2017-05-01,2,16,3450,0.463768115942029
2017-05-01,3,10,3450,0.2898550724637681
2017-05-01,4,10,3450,0.2898550724637681
2017-05-01,5,11,3450,0.3188405797101449
2017-05-01,6,14,3450,0.4057971014492754
2017-05-01,7,5,3450,0.14492753623188406
2017-05-01,8,9,3450,0.26086956521739135
2017-05-01,9,9,3450,0.26086956521739135
2017-05-01,10,9,3450,0.26086956521739135
2017-05-01,11,12,3450,0.34782608695652173
2017-05-01,12,8,3450,0.2318840579710145
2017-06-01,0,3037,3037,100.0
2017-06-01,1,15,3037,0.49390846229832075
2017-06-01,2,12,3037,0.39512676983865663
2017-06-01,3,13,3037,0.4280540006585446
2017-06-01,4,9,3037,0.29634507737899246
2017-06-01,5,12,3037,0.39512676983865663
2017-06-01,6,11,3037,0.36219953901876856
2017-06-01,7,7,3037,0.23049061573921634
2017-06-01,8,4,3037,0.1317089232795522
2017-06-01,9,6,3037,0.19756338491932832
2017-06-01,10,9,3037,0.29634507737899246
2017-06-01,11,11,3037,0.36219953901876856
2017-06-01,12,5,3037,0.16463615409944024
2017-07-01,0,3752,3752,100.0
2017-07-01,1,20,3752,0.5330490405117271
2017-07-01,2,13,3752,0.3464818763326226
2017-07-01,3,9,3752,0.2398720682302772
2017-07-01,4,11,3752,0.2931769722814499
2017-07-01,5,8,3752,0.21321961620469082
2017-07-01,6,12,3752,0.31982942430703626
2017-07-01,7,4,3752,0.10660980810234541
2017-07-01,8,7,3752,0.18656716417910446
2017-07-01,9,10,3752,0.26652452025586354
2017-07-01,10,8,3752,0.21321961620469082
2017-07-01,11,11,3752,0.2931769722814499
2017-07-01,12,5,3752,0.13326226012793177
2017-08-01,0,4057,4057,100.0
2017-08-01,1,28,4057,0.6901651466600937
2017-08-01,2,14,4057,0.3450825733300468
2017-08-01,3,11,4057,0.27113630761646534
2017-08-01,4,14,4057,0.3450825733300468
2017-08-01,5,21,4057,0.5176238599950702
2017-08-01,6,12,4057,0.2957850628543258
2017-08-01,7,11,4057,0.27113630761646534
2017-08-01,8,6,4057,0.1478925314271629
2017-08-01,9,6,4057,0.1478925314271629
2017-08-01,10,10,4057,0.2464875523786049
2017-08-01,11,8,4057,0.1971900419028839
2017-08-01,12,5,4057,0.12324377618930245
2017-09-01,0,4004,4004,100.0
2017-09-01,1,28,4004,0.6993006993006993
2017-09-01,2,22,4004,0.5494505494505495
2017-09-01,3,11,4004,0.27472527472527475
2017-09-01,4,18,4004,0.4495504495504496
2017-09-01,5,9,4004,0.2247752247752248
2017-09-01,6,9,4004,0.2247752247752248
2017-09-01,7,10,4004,0.24975024975024976
2017-09-01,8,11,4004,0.27472527472527475
2017-09-01,9,7,4004,0.17482517482517482
2017-09-01,10,10,4004,0.24975024975024976
2017-09-01,11,3,4004,0.07492507492507493
2017-10-01,0,4328,4328,100.0
2017-10-01,1,31,4328,0.7162661737523105
2017-10-01,2,11,4328,0.2541589648798521
2017-10-01,3,4,4328,0.09242144177449169
2017-10-01,4,10,4328,0.23105360443622922
2017-10-01,5,9,4328,0.20794824399260628
2017-10-01,6,9,4328,0.20794824399260628
2017-10-01,7,16,4328,0.36968576709796674
2017-10-01,8,12,4328,0.27726432532347506
2017-10-01,9,8,4328,0.18484288354898337
2017-10-01,10,9,4328,0.20794824399260628
2017-11-01,0,7059,7059,100.0
2017-11-01,1,40,7059,0.5666525003541578
2017-11-01,2,26,7059,0.3683241252302026
2017-11-01,3,12,7059,0.16999575010624735
2017-11-01,4,12,7059,0.16999575010624735
2017-11-01,5,13,7059,0.1841620626151013
2017-11-01,6,8,7059,0.11333050007083156
2017-11-01,7,13,7059,0.1841620626151013
2017-11-01,8,9,7059,0.1274968125796855
2017-11-01,9,4,7059,0.05666525003541578
2017-12-01,0,5338,5338,100.0
2017-12-01,1,11,5338,0.20606968902210565
2017-12-01,2,15,5338,0.2810041213937804
2017-12-01,3,18,5338,0.3372049456725365
2017-12-01,4,14,5338,0.26227051330086176
2017-12-01,5,11,5338,0.20606968902210565
2017-12-01,6,9,5338,0.16860247283626825
2017-12-01,7,1,5338,0.018733608092918696
2017-12-01,8,10,5338,0.18733608092918697
2018-01-01,0,6842,6842,100.0
2018-01-01,1,23,6842,0.33615901783104357
2018-01-01,2,25,6842,0.3653902367728734
2018-01-01,3,20,6842,0.29231218941829873
2018-01-01,4,20,6842,0.29231218941829873
2018-01-01,5,11,6842,0.1607717041800643
2018-01-01,6,12,6842,0.17538731365097923
2018-01-01,7,16,6842,0.233849751534639
2018-02-01,0,6288,6288,100.0
2018-02-01,1,22,6288,0.34987277353689566
2018-02-01,2,25,6288,0.3975826972010178
2018-02-01,3,19,6288,0.30216284987277353
2018-02-01,4,16,6288,0.2544529262086514
2018-02-01,5,14,6288,0.22264631043256997
2018-02-01,6,13,6288,0.20674300254452924
2018-03-01,0,6774,6774,100.0
2018-03-01,1,27,6774,0.39858281665190437
2018-03-01,2,20,6774,0.29524653085326247
2018-03-01,3,20,6774,0.29524653085326247
2018-03-01,4,8,6774,0.11809861234130499
2018-03-01,5,8,6774,0.11809861234130499
2018-04-01,0,6582,6582,100.0
2018-04-01,1,39,6582,0.5925250683682771
2018-04-01,2,20,6582,0.3038590094196293
2018-04-01,3,16,6582,0.24308720753570343
2018-04-01,4,9,6582,0.13673655423883319
2018-05-01,0,6506,6506,100.0
2018-05-01,1,34,6506,0.522594528127882
2018-05-01,2,17,6506,0.261297264063941
2018-05-01,3,12,6506,0.18444512757454656
2018-06-01,0,5875,5875,100.0
2018-06-01,1,25,5875,0.425531914893617
2018-06-01,2,16,5875,0.2723404255319149
2018-07-01,0,5946,5946,100.0
2018-07-01,1,31,5946,0.5213588967373024
2018-08-01,0,6144,6144,100.0
