seller_id,seller_state,orders,revenue,late_pct,avg_review
54965bbe3e4f07ae045b90b0b8541f52,PR,73,10351.7,30.136986301369863,3.1449275362318843
a49928bcdf77c55c6d6e05e09a9b4ca5,SP,96,8646.900000000001,26.041666666666668,3.03125
beadbee30901a7f61d031b6b686095ad,SP,64,4373.98,25.0,3.90625
06a2c3af7b3aee5d69171b0e14f0ee87,MA,389,36097.979999999996,23.13624678663239,4.012987012987013
cac4c8e7b1ca6252d8f20b2fc1a2e4af,SP,74,4128.19,22.972972972972975,3.5616438356164384
6039e27294dc75811c0d8a39069f52c0,SP,63,13500.800000000001,22.22222222222222,3.7301587301587302
1ca7077d890b907f89be8c954a02686a,SP,108,12474.64,22.22222222222222,2.392523364485981
712e6ed8aa4aa1fa65dab41fed5737e4,SC,77,39385.0,22.07792207792208,3.3947368421052633
ea566164622c6b439516ab18062c42cd,SP,50,10309.42,22.0,3.78
d13e50eaa47b4cbe9eb81465865d8cfc,SP,66,7073.05,21.21212121212121,4.818181818181818
2a261b5b644fa05f4f2700eb93544f2c,SP,51,5355.0,19.607843137254903,3.843137254901961
88460e8ebdecbfecb5f9601833981930,PR,246,31320.4,19.51219512195122,3.4326530612244897
e5a3438891c0bfdb9394643f95273d8e,SP,216,7549.96,18.51851851851852,3.986046511627907
cd68562d3f44870c08922d380acae552,SP,122,18119.7,18.0327868852459,4.016528925619835
b17b679f4f5ce2e03ce6968c62648246,SP,50,3424.18,18.0,3.98
002100f778ceb8431b7a1020ff7ab48f,SP,50,1216.6,18.0,3.96
891071be6ba827b591264c90c2ae8a63,SP,85,3763.35,17.647058823529413,3.9529411764705884
d20b021d3efdf267a402c402a48ea64b,SP,86,3922.3,17.441860465116278,3.7529411764705882
6973a06f484aacf400ece213dbf3d946,SP,89,10418.72,16.853932584269664,3.715909090909091
8e6d7754bc7e0f22c96d255ebda59eba,SP,84,14107.380000000001,16.666666666666664,3.607142857142857
8160255418d5aaa7dbdc9f4c64ebda44,SP,380,46368.39,16.57894736842105,3.9547872340425534
bbad7e518d7af88a0897397ffdca1979,SP,68,4426.32,16.176470588235293,3.1791044776119404
2c9e548be18521d1c43cde1c582c6de8,SP,124,6013.56,16.129032258064516,4.131147540983607
0b35c634521043bf4b47e21547b99ab5,PR,50,13235.65,16.0,3.4081632653061225
a6fe7de3d16f6149ffe280349a8535a0,SP,50,2844.9,16.0,4.040816326530612
adbc26658d6c7b4b6219f9d934598091,PR,88,11806.4,15.909090909090908,4.125
05f51e13da97139648b8125c31e5f51b,MG,57,13100.31,15.789473684210526,4.228070175438597
75d34ebb1bd0bd7dde40dd507b8169c3,BA,57,12656.33,15.789473684210526,3.9298245614035086
11bfa66332777660bd0640ee84d47006,SP,76,3925.87,15.789473684210526,3.9210526315789473
dd7ddc04e1b6c2c614352b383efe2d36,SP,121,9148.61,15.702479338842975,3.875
ba143b05f0110f0dc71ad71b4466ce92,SP,83,5998.7,15.66265060240964,4.457831325301205
f7ba60f8c3f99e7ee4042fdef03b70c4,SP,218,68070.0,15.59633027522936,4.220183486238532
431af27f296bc6519d890aa5a05fdb11,SP,116,12974.6,15.517241379310345,3.8
8f2ce03f928b567e3d56181ae20ae952,SP,151,21213.2,15.2317880794702,4.1466666666666665
a888faf2d1baececa6baf9c3d603ee1f,PR,53,17564.8,15.09433962264151,4.09433962264151
23613d49c3ac2bd302259e55c06c050c,SP,69,4193.1,14.492753623188406,3.8676470588235294
7ad32824caee82087b3e2e5f33b1bf32,SP,147,22018.1,14.285714285714285,3.861111111111111
f3da5b2ff499efb8d4a6d371d175d7dd,SP,77,3540.89,14.285714285714285,3.8947368421052633
c31eff8334d6b3047ed34bebd4d62c36,SP,120,12991.61,14.166666666666666,3.8739495798319328
b561927807645834b59ef0d16ba55a24,SP,85,4501.99,14.117647058823529,4.341176470588235
fffd5413c0700ac820c7069d66d98c89,SP,57,8535.0,14.035087719298245,3.892857142857143
855668e0971d4dfd7bef1b6a4133b41b,SP,300,30849.22,14.000000000000002,3.85472972972973
048c2757535328e0d7dac690ad3c0aae,SP,50,9065.08,14.000000000000002,4.244897959183674
50c9975695009e5e6473912e83a6d1da,MG,50,3964.4,14.000000000000002,3.938775510204082
900ba814c251a692506d7834c1218441,SP,86,28833.03,13.953488372093023,4.226190476190476
2eb70248d66e0e3ef83659f71b244378,SP,187,38990.72,13.903743315508022,2.7934782608695654
b2479f944e1b90cf8a5de1bbfde284d6,SP,101,4666.53,13.861386138613863,3.47
7681ef142fd2c19048da7430856b5588,SP,58,31211.81,13.793103448275861,4.228070175438597
1eade46fba20122dc4aefb379f8c636b,SP,58,3635.37,13.793103448275861,4.431034482758621
7aa4334be125fcdd2ba64b3180029f14,SP,214,16012.949999999999,13.551401869158877,4.131455399061033
f84fa566034f5e8e880a07ec624c56af,SP,89,4993.91,13.48314606741573,4.247191011235955
6fd52c528dcb38be2eea044946b811f8,SP,67,7743.0199999999995,13.432835820895523,3.393939393939394
2e90cb1677d35cfe24eef47d441b7c87,SP,127,13894.710000000001,13.385826771653544,4.118110236220472
440dd6ab244315c632130ecfb63827b1,SP,91,13089.0,13.186813186813188,3.89010989010989
06579cb253ecd5a3a12a9e6eb6bf8f47,SP,61,4587.400000000001,13.114754098360656,4.131147540983607
b499c00f28f4b7069ff6550af8c1348a,SP,147,10162.18,12.925170068027212,4.224489795918367
7e1fb0a3ebfb01ffb3a7dae98bf3238d,SP,155,26169.53,12.903225806451612,4.189542483660131
5058e8c1e82653974541e83690655b4a,SP,62,9812.83,12.903225806451612,3.2459016393442623
e62b2d6ac10570a035a30bafcf01d263,SP,62,5340.39,12.903225806451612,3.9661016949152543
59b22a78efb79a4797979612b885db36,MG,125,27184.5,12.8,3.9838709677419355
b33e7c55446eabf8fe1a42d037ac7d6d,SP,149,44215.17,12.751677852348994,4.201342281879195
a416b6a846a11724393025641d4edd5e,SP,157,24930.24,12.738853503184714,4.2165605095541405
3df020b72d3d44b3af9d110fa3940b65,SP,55,5039.9,12.727272727272727,4.054545454545455
f46490624488d3ff7ce78613913a7711,SP,80,5690.95,12.5,3.7625
643214e62b870443ccbe55ab29a4dccf,SP,65,3229.23,12.307692307692308,4.4
7d13fca15225358621be4086e1eb0964,SP,558,112436.18000000001,12.186379928315413,4.0414414414414415
b1fc4f64df5a0e8b6913ab38803c57a9,RJ,107,7994.74,12.149532710280374,3.857142857142857
7e3f87d16fb353f408d467e74fbd8014,SP,91,4653.09,12.087912087912088,4.164835164835165
165fc07beebdcb6190fba8a06db2a449,PR,50,17481.4,12.0,3.8
23d7c96d4a1160db1c726b248601b25a,SP,50,10658.24,12.0,3.9166666666666665
04308b1ee57b6625f47df1d56f00eedf,SC,92,58991.8,11.956521739130435,3.9456521739130435
cfb1a033743668a192316f3c6d1d2671,SP,143,12609.54,11.888111888111888,4.042253521126761
c3867b4666c7d76867627c2f7fb22e21,SP,228,34666.9,11.842105263157894,4.079646017699115
897060da8b9a21f655304d50fd935913,SP,304,21740.51,11.842105263157894,3.7176079734219267
0dd184061fb0eaa7ca37932c68ab91c5,SP,161,18446.92,11.801242236024844,4.03125
0d85bbda9889ce1f7e63778d24f346eb,MG,51,4845.2,11.76470588235294,4.2
1835b56ce799e6a4dc4eddc053f04066,SP,417,33005.32,11.750599520383693,3.6666666666666665
729f06993dac8e860d4f02d7088ca48a,SP,94,19885.18,11.702127659574469,4.21505376344086
3db66a856d18a9cba7c9241fc5221c50,MG,94,9478.300000000001,11.702127659574469,4.202127659574468
34056b8b55c1775a22af2331670a799c,SP,77,6398.7,11.688311688311687,4.038961038961039
7d76b645482be4a332374e8223836592,SP,172,3765.74,11.627906976744185,4.0
4869f7a5dfa277a7dca6462dcf3b52b2,SP,1124,226987.93,11.565836298932384,4.150537634408602
77530e9772f57a62c906e1c21538ab82,PR,312,45676.6,11.538461538461538,4.147435897435898
b14db04aa7881970e83ffa9426897925,SP,78,5595.9,11.538461538461538,3.7733333333333334
8b28d096634035667e8263d57ba3368c,SP,139,9025.3,11.510791366906476,4.014598540145985
f84a00e60c73a49e7e851c9bdca3a5bb,RJ,88,5849.24,11.363636363636363,3.897727272727273
a673821011d0cec28146ea42f5ab767f,SP,125,13366.0,11.200000000000001,4.049586776859504
99eaacc9e6046db1c82b163c5f84869f,SP,63,12642.28,11.11111111111111,4.0
972d0f9cf61b499a4812cf0bfa3ad3c4,SC,81,7910.42,11.11111111111111,3.0253164556962027
d9bd94811c3338dceb4181f3dbc0c73e,SP,54,6911.02,11.11111111111111,4.796296296296297
e9bc59e7b60fc3063eb2290deda4cced,PR,209,33543.69,11.004784688995215,4.076555023923445
4a3ca9315b744ce9f8e9374361493884,SP,1772,196882.12,11.00451467268623,3.8533941814033086
ce248b21cb2adc36282ede306b7660e5,SC,64,13560.19,10.9375,4.234375
056b4ada5bbc2c50cc7842547dda6b51,RJ,64,12203.400000000001,10.9375,4.2063492063492065
70a12e78e608ac31179aea7f8422044b,SP,312,29963.53,10.897435897435898,3.8129032258064517
aba1721a889e04decc910aa13b768ef4,SP,83,14103.3,10.843373493975903,4.445783132530121
16090f2ca825584b5a147ab24aa30c86,SP,398,25579.16,10.804020100502512,4.088383838383838
e9d99831abad74458942f21e16f33f92,SP,130,4922.4800000000005,10.76923076923077,3.9302325581395348
f27e33c6d29b5138fa9967bcd445b6d5,SP,93,8888.3,10.75268817204301,4.096774193548387
8648b1e89e9b349e32d3741b30ec737e,SP,93,7228.75,10.75268817204301,4.150537634408602
4e922959ae960d389249c378d1c939f5,SP,412,45338.42,10.679611650485436,3.963235294117647
f5a590cf36251cf1162ea35bef76fe84,SP,113,51232.78,10.619469026548673,4.274336283185841
9c0e69c7bf2619675bbadf47b43f655a,SP,151,32720.4,10.596026490066226,4.2
1f50f920176fa81dab994f9023523100,SP,1399,106655.70999999999,10.578984989278057,4.140602582496413
8d956fec2e4337affcb520f56fd8cbfd,SP,210,10988.2,10.476190476190476,4.214285714285714
522620dcb18a6b31cd7bdf73665113a9,PR,172,56690.49,10.465116279069768,3.905325443786982
f0b47fbbc6dee9aafe415a6e33051b3f,SP,67,3766.92,10.44776119402985,4.253731343283582
8b321bb669392f5163d04c59e235e066,SP,930,17262.94,10.43010752688172,4.10475161987041
ea8482cd71df3c1969d7b9473ff13abc,SP,1132,36696.76,10.424028268551238,4.0266429840142095
391fc6631aebcf3004804e51b40bcf1e,SP,521,39475.3,10.36468330134357,4.044401544401544
1900267e848ceeba8fa32d80c1a5f5a8,SP,406,24639.57,10.344827586206897,3.8596491228070176
ececbfcff9804a2d6b40f589df8eef2b,SP,97,6714.15,10.309278350515463,4.11340206185567
c9c7905cffc4ef9ff9f113554423e671,SP,127,10657.18,10.236220472440944,4.141732283464567
fa1c13f2614d7b5c4749cbc52fecda94,SP,578,190917.13999999998,10.207612456747404,4.372822299651568
634964b17796e64304cadf1ad3050fb7,RJ,265,39114.1,10.18867924528302,4.056603773584905
e59aa562b9f8076dd550fcddf0e73491,PR,69,30716.3,10.144927536231885,4.260869565217392
f7ccf836d21b2fb1de37564105216cc1,SP,69,2748.4,10.144927536231885,3.8507462686567164
fd386aa7bed2af3c7035c65506c9b4a3,SP,69,2304.15,10.144927536231885,4.3478260869565215
37515688008a7a40ac93e3b2e4ab203f,SP,227,5954.1,10.13215859030837,4.102222222222222
d673a59aac7a70d8b01e6902bf090a11,SP,79,3908.94,10.126582278481013,3.911392405063291
1025f0e2d44d7041d6cf58b6550e0bfa,SP,910,138208.56,10.10989010989011,4.006651884700665
4c2b230173bb36f9b240f2b8ac11786e,SP,258,14474.57,10.077519379844961,3.9763779527559056
a3e9a2c700480d9bb01fba070ba80a0e,SP,129,13371.8,10.077519379844961,4.0
7c67e1448b00f6e969d365cea6b010ab,SP,973,186570.05,10.071942446043165,3.4984488107549123
8581055ce74af1daba164fdbd55a40de,SP,379,63893.92,10.026385224274406,4.306878306878307
527801b552d0077ffd170872eb49683b,SP,90,17942.8,10.0,4.47191011235955
5343d0649eca2a983820bfe93fc4d17e,SP,70,9819.02,10.0,3.869565217391304
620c87c171fb2a6dd6e8bb4dec959fc6,RJ,722,112461.5,9.97229916897507,4.305865921787709
de23c3b98a88888289c6f5cc1209054a,SP,161,25933.670000000002,9.937888198757763,4.291925465838509
1d8dbc4f32378d715c717c1c1fc57bae,PR,91,11205.99,9.89010989010989,4.056179775280899
827f8f69dfa529c561901c4f2e0f332f,PR,91,3408.39,9.89010989010989,4.280898876404494
318f287a62ab7ac10b703ac37435a231,SP,51,2432.48,9.803921568627452,3.9215686274509802
7040e82f899a04d1b434b795a43b4617,SP,208,9213.7,9.615384615384617,3.650485436893204
6a8b085f816a1f75f92dbac6eb545f8f,SP,125,5884.17,9.6,4.16
54a1852d1b8f10312c55e906355666ee,SP,198,17056.46,9.595959595959595,4.355329949238579
aac29b1b99776be73c3049939652091d,MG,94,6563.66,9.574468085106384,4.161290322580645
c826c40d7b19f62a09e2d7c5e7295ee2,SP,346,44653.04,9.53757225433526,4.130434782608695
f262cbc1c910c83959f849465454ddd3,SP,189,10199.86,9.523809523809524,4.180851063829787
8e8a7ce9f2f970dc00e2acf6f6e199f6,RJ,63,8821.0,9.523809523809524,3.984126984126984
1336efc61c316ddf92c899eb817f7cae,SP,74,4837.31,9.45945945945946,4.0
6860153b69cc696d5dcfe1cdaaafcf62,SP,74,3827.63,9.45945945945946,4.095890410958904
218d46b86c1881d022bce9c68a7d4b15,SP,382,53710.3,9.424083769633508,4.184210526315789
76d5af76d0271110f9af36c92573f765,SP,128,31944.6,9.375,4.133858267716535
4a3ccda38b2129705f3fb522db62ca31,SP,64,16169.09,9.375,3.9375
e067ad2c1c0b48758eb1b5228bcf7a68,SP,54,5042.55,9.25925925925926,4.148148148148148
e5a38146df062edaf55c38afa99e42dc,SP,120,15270.89,9.166666666666666,3.9831932773109244
d05ae8f7a5bd1d2a690a44cd079e4e27,RJ,77,13244.0,9.090909090909092,3.8947368421052633
70c27847eca8195c983ed7e798c56743,RJ,77,12077.52,9.090909090909092,4.233766233766234
98dac6635aee4995d501a3972e047414,SP,89,4115.75,8.98876404494382,4.1477272727272725
ce7d1888639e6fb06b2749cbfdac1ff7,MG,78,11793.89,8.974358974358974,4.166666666666667
a420f60ff1aa9acc80d0e42959f2b313,SP,67,7443.3,8.955223880597014,3.953846153846154
b2ba3715d723d245138f291a6fe42594,SP,324,49302.18,8.950617283950617,4.202492211838006
17f51e7198701186712e53a39c564617,SP,56,48019.0,8.928571428571429,4.339285714285714
00ee68308b45bc5e2660cd833c3f81cc,SP,135,20260.0,8.88888888888889,4.298507462686567
d1c281d3ae149232351cd8c8cc885f0d,SP,214,26833.61,8.878504672897195,3.811320754716981
fe2032dab1a61af8794248c8196565c9,SP,293,65689.71,8.873720136518772,4.387543252595155
cbd996ad3c1b7dc71fd0e5f5df9087e2,SP,160,8217.5,8.75,4.210191082802548
3be634553519fb6536a03e1358e9fdc7,SP,80,5231.02,8.75,4.0
688756f717c462a206ad854c5027a64a,SP,81,5837.67,8.641975308641975,3.8875
7ddcbb64b5bc1ef36ca8c151f6ec77df,SP,325,54435.66,8.615384615384615,4.027950310559007
5d0363b33554b373851fc1622e4d5f3c,SP,93,6548.79,8.60215053763441,4.075268817204301
ef0ace09169ac090589d85746e3e036f,RJ,128,16105.400000000001,8.59375,4.3984375
213b25e6f54661939f11710a6fddb871,SP,152,15105.95,8.552631578947368,3.814569536423841
ef506c96320abeedfb894c34db06f478,SP,316,9556.5,8.544303797468354,3.961783439490446
17e34d8224d27a541263c4c64b11a56b,SP,247,54440.28,8.502024291497975,4.253061224489796
c70c1b0d8ca86052f45a432a38b73958,SP,260,36289.15,8.461538461538462,4.368217054263566
004c9cd9d87a3c30c522c48c4fc07416,SP,156,19569.73,8.333333333333332,4.142857142857143
7142540dd4c91e2237acb7e911c4eba2,SP,316,37181.94,8.227848101265822,4.047770700636943
aced59e9b31ef866a94f9e7f29d8d418,SP,61,7268.5,8.19672131147541,4.426229508196721
92eb0f42c21942b6552362b9b114707d,SP,334,6416.41,8.08383233532934,4.021084337349397
17a053fcb14bd219540cbde0df490be0,SP,124,40353.24,8.064516129032258,4.254098360655738
715bbd5ba4e6b74cb0d2f29eb45058b0,SP,62,4043.3,8.064516129032258,4.467741935483871
951e8cef368f09bb3f3d03c00ca4702c,SP,62,3993.31,8.064516129032258,4.133333333333334
bd0389da23d89b726abf911cccc54596,DF,87,7472.160000000001,8.045977011494253,4.172413793103448
8e6cc767478edae941d9bd9eb778d77a,MG,100,5929.35,8.0,4.061224489795919
4c18691b6037662be2df78a765d98ab5,SP,63,3195.52,7.936507936507936,3.873015873015873
a17f621c590ea0fab3d5d883e1630ec6,SP,63,2677.92,7.936507936507936,4.163934426229508
4371b634e0efc0e22b09b52907d9d469,SP,101,8168.0,7.920792079207921,4.48
3c7c4a49ec3c6550809089c6a2ca9370,SP,139,4002.75,7.913669064748201,3.6906474820143886
edb1ef5e36e0c8cd84eb3c9b003e486d,RJ,165,79144.9,7.878787878787878,4.442424242424242
e24fc9fcd865784fb25705606fe3dfe7,SP,51,12768.0,7.8431372549019605,4.1568627450980395
4b9750c8ad28220fe6702d4ecb7c898f,SP,217,15815.4,7.834101382488479,4.364055299539171
955fee9216a65b617aa5c0531780ce60,SP,1261,131836.71,7.7716098334655035,4.201117318435754
42b729f859728f5079499127a9c2ef37,SP,103,4096.96,7.766990291262135,4.480392156862745
624f4ece8da4aafb77699233d480f8ef,SP,52,9046.0,7.6923076923076925,4.25
2a7dc43cecabf23403078e2188437d1d,SP,52,4795.91,7.6923076923076925,4.096153846153846
f214d28e8d8e3ef068748498ccc2f813,SP,52,2152.43,7.6923076923076925,4.2745098039215685
da8622b14eb17ae2831f4ac5b9dab84a,SP,1311,159816.87,7.627765064836003,4.180842911877394
ccc4bbb5f32a6ab2b7066a4130f114e3,PR,184,72926.72,7.608695652173914,4.3224043715847
f45122a9ab94eb4f3f8953578bc0c560,SP,184,21764.68,7.608695652173914,3.972826086956522
5656537e588803a555b8eb41f07a944b,DF,171,7931.26,7.602339181286549,3.8947368421052633
1bb2bdb95f4841f1bba2c0d2cd83d3c9,SP,79,4905.76,7.59493670886076,4.628205128205129
70eea00b476a314817cefde4aad4f89a,SP,106,31424.75,7.547169811320755,4.40952380952381
48436dade18ac8b2bce089ec2a041202,SP,134,11821.11,7.462686567164178,4.104477611940299
66922902710d126a0e7d26b0e3805106,MG,150,14267.3,7.333333333333333,4.496644295302014
7ea5bfa6c340f58f8e71fc1f0412b0d6,MG,96,10838.41,7.291666666666667,4.189473684210526
e9779976487b77c6d4ac45f75ec7afe9,SP,645,42229.69,7.286821705426356,4.2601246105919
d50d79cb34e38265a8649c383dcffd48,SP,70,13012.42,7.142857142857142,4.246376811594203
c8b0e2b0a7095e5d8219575d5e7e1181,SP,84,12170.210000000001,7.142857142857142,4.0843373493975905
7a241947449cc45dbfda4f9d0798d9d0,MG,56,7434.66,7.142857142857142,4.1454545454545455
45d33f715e24d15a6ccf5c17b3a23e3c,SP,56,4518.49,7.142857142857142,4.142857142857143
8a130737016f838139d31878787a39c9,SP,56,4222.03,7.142857142857142,4.446428571428571
4992e76a42cb3aad7a7047e0d3d7e729,SP,56,2171.2,7.142857142857142,3.9642857142857144
25c5c91f63607446a97b143d2d535d31,MG,156,54208.78,7.051282051282051,3.8451612903225807
d650b663c3b5f6fb392b6326366efa9a,SP,57,18335.9,7.017543859649122,4.368421052631579
640e21a7d01df7614a3b4923e990d40c,SP,115,7528.89,6.956521739130435,4.3304347826086955
3b15288545f8928d3e65a8f949a28291,SP,101,13764.82,6.9306930693069315,4.08
1554a68530182680ad5c8b042c3ab563,MG,246,28979.64,6.910569105691057,4.327868852459017
6d803cb79cc31c41c4c789a75933b3c7,SP,58,8711.4,6.896551724137931,4.241379310344827
0509040ea3fe50071181bbc359eb7738,MG,87,3689.35,6.896551724137931,4.476744186046512
4830e40640734fc1c52cd21127c341d4,SP,204,9490.5,6.862745098039216,4.2254901960784315
a7f13822ceb966b076af67121f87b063,SP,73,12017.69,6.8493150684931505,3.4027777777777777
2e1c9f22be269ef4643f826c9e650a52,SP,161,12170.24,6.832298136645963,4.24375
701938c450705b8ae65fc923b70f35c7,SP,74,11879.289999999999,6.756756756756757,4.0
08633c14ef2db992c11f840f04fad4cd,SP,74,7644.3,6.756756756756757,4.364864864864865
c003204e1ab016dfa150abc119207b24,SP,195,24904.29,6.666666666666667,4.466666666666667
001cca7ae9ae17fb1caed9dfb1094831,ES,195,24487.03,6.666666666666667,4.0625
dc4a0fc896dc34b0d5bfec8438291c80,SP,225,23655.98,6.666666666666667,3.8133333333333335
058fd0aa2bfdb2274e05e1ae971dabb6,SP,60,7549.9,6.666666666666667,4.366666666666666
0adac9fbd9a2b63cccaac4f8756c1ca8,SP,106,15557.6,6.60377358490566,4.09433962264151
46dc3b2cc0980fb8ec44634e21d2718e,RJ,503,122811.38,6.560636182902585,4.27364185110664
4e17c65a516f69d023a2ae78b84f28d6,SP,61,7639.26,6.557377049180328,4.229508196721311
b6d44737c043328708f6749c2dbe50bd,SP,61,5284.6,6.557377049180328,4.524590163934426
116ccb1a1604bc88e4d234a8c23f33de,SP,61,2004.89,6.557377049180328,4.639344262295082
8444e55c1f13cd5c179851e5ca5ebd00,MG,92,21480.96,6.521739130434782,3.369565217391304
d6b1ce66b035a475f00c017792ff9769,SP,92,12277.4,6.521739130434782,4.277777777777778
59fb871bf6f4522a87ba567b42dafecf,SP,123,21178.600000000002,6.504065040650407,4.276422764227642
f4aba7c0bca51484c30ab7bdc34bcdd1,SP,108,2951.8999999999996,6.481481481481481,3.9444444444444446
850f4f8af5ea87287ac68de36e29107f,SP,186,45285.37,6.451612903225806,4.295081967213115
05d2173d43ea568aa0540eba70d2ca76,MG,62,5759.66,6.451612903225806,4.183333333333334
5f1dc28029d2c244352a68107ec2b542,SP,62,2807.3,6.451612903225806,4.426229508196721
6560211a19b47992c3666cc44a7e94c0,SP,1819,120702.83,6.432105552501374,3.9778393351800556
18a349e75d307f4b4cc646a691ed4216,SP,109,7425.21,6.422018348623854,3.6018518518518516
41b39e28db005d9731d9d485a83b4c38,SP,187,16306.75,6.417112299465241,4.18716577540107
0be8ff43f22e456b4e0371b2245e4d01,SP,156,11336.0,6.41025641025641,4.032051282051282
96493fab2fbb13a14d0c0e8772eef5c3,SP,63,18969.0,6.349206349206349,4.064516129032258
5b925e1d006e9476d738aa200751b73b,SP,63,7748.5,6.349206349206349,4.603174603174603
1b4c3a6f53068f0b6944d2d005c9fc89,SC,111,14420.5,6.306306306306306,4.254545454545455
d91fb3b7d041e83b64a00a3edfb37e4f,SP,524,39926.39,6.297709923664121,4.1365384615384615
128639473a139ac0f3e5f5ade55873a5,PR,527,11795.849999999999,6.261859582542694,4.213051823416507
fa40cc5b934574b62717c68f3d678b6d,SP,304,15900.48,6.25,4.481848184818482
01fdefa7697d26ad920e9e0346d4bd1b,PR,128,14802.53,6.25,4.377952755905512
5dceca129747e92ff8ef7a997dc4f8ca,SP,322,111126.73,6.211180124223603,4.012578616352202
f457c46070d02cadd8a68551231220dd,PR,195,18798.3,6.153846153846154,3.8762886597938144
cc419e0650a3c5ba77189a1882b7556a,SP,1651,101090.95999999999,6.1175045427013925,4.149969641772921
6d66611d7c44cc30ce351abc49a68421,SP,164,13428.6,6.097560975609756,3.9691358024691357
ceaec5548eefc6e23e6607c5435102e7,SP,198,51478.18,6.0606060606060606,4.2
834f3294fba9f932f56edc879193f925,SP,66,39907.5,6.0606060606060606,4.545454545454546
8cbac7e12637ed9cffa18c7875207478,SC,66,2955.98,6.0606060606060606,4.166666666666667
79ebd9a61bac3eaf882805ed4ecfa12a,PR,133,14783.09,6.015037593984962,4.06015037593985
09f952a5f58d2285b0372551ae8f9b01,SP,50,11821.5,6.0,3.84
95f83f51203c626648c875dd41874c7f,MG,50,3077.6600000000003,6.0,3.7
5f2684dab12e59f83bef73ae57724e45,SP,67,8870.97,5.970149253731343,3.791044776119403
7a67c85e85bb2ce8582c35f2203ad736,SP,1145,139658.69,5.93886462882096,4.276165347405453
3d871de0142ce09b7081e2b9d1733cb1,SP,1064,93407.4,5.921052631578947,4.1918328584995255
0241d4d5d36f10f80c644447315af0bd,PR,238,31397.7,5.88235294117647,4.3544303797468356
7202e2ba20579a9bd1acb29e61fe71f6,SP,51,12085.699999999999,5.88235294117647,3.98
9b013e03b2ab786505a1d3b5c0756754,SP,170,8714.55,5.88235294117647,4.218934911242603
e333046ce6517bd8bb510291d44f0130,SP,68,7268.0,5.88235294117647,4.338235294117647
dbd66278cbfe1aa1000f90a217ca4695,SP,85,4928.9,5.88235294117647,4.5058823529411764
cca3071e3e9bb7d12640c9fbe2301306,SP,699,63035.16,5.865522174535051,3.886627906976744
6edacfd9f9074789dad6d62ba7950b9c,SP,205,12966.4,5.853658536585367,4.380487804878049
5a8e7d5003a1f221f9e1d6e411de7c23,SP,137,11042.1,5.839416058394161,4.1678832116788325
d2374cbcbb3ca4ab1086534108cc3ab7,SP,514,20926.02,5.836575875486381,3.781925343811395
1da3aeb70d7989d1e6d9b0e887f97c23,SP,261,8691.56,5.747126436781609,4.165384615384616
2ff97219cb8622eaf3cd89b7d9c09824,SP,87,4339.1,5.747126436781609,4.540229885057471
dd2bdf855a9172734fbc3744021ae9b9,MG,105,10607.0,5.714285714285714,3.881188118811881
a1043bafd471dff536d0c462352beb48,MG,702,99309.23,5.698005698005698,4.275714285714286
537eb890efff034a88679788b647c564,RJ,158,4617.9,5.69620253164557,4.234177215189874
25e6ffe976bd75618accfe16cefcbd0d,SP,106,11552.62,5.660377358490567,4.443396226415095
d9a84e1403de8da0c3aa531d6d108ba6,SP,53,1385.3,5.660377358490567,4.584905660377358
7e93a43ef30c4f03f38b393420bc753a,SP,319,165981.49,5.6426332288401255,4.364779874213837
1a3df491d1c4f1589fc2b934ada68bf2,SC,160,22472.4,5.625,4.275
87142160b41353c4e5fca2360caf6f92,RS,305,31095.98,5.573770491803279,4.404605263157895
0c8380b62e38e8a1e6adbeba7eb9688c,MG,180,17228.99,5.555555555555555,4.073033707865169
81a1104df0f08b59c68aa5b03cfe398e,PR,72,9320.98,5.555555555555555,4.314285714285714
1c129092bf23f28a5930387c980c0dfc,SP,200,9528.619999999999,5.5,4.251256281407035
dc317f341ab0e22f39acbd9dbf9b4a1f,RS,55,18988.4,5.454545454545454,4.1454545454545455
7d456afc660226829370f3173d14520c,SP,55,8118.25,5.454545454545454,4.345454545454546
dee656f0f566ed1aa85bd137c943f08f,SP,92,6212.08,5.434782608695652,4.369565217391305
2138ccb85b11a4ec1e37afbd1c8eda1f,SP,388,12089.22,5.412371134020619,3.956072351421189
516e7738bd8f735ac19a010ee5450d8d,RJ,74,6463.19,5.405405405405405,4.635135135135135
53e4c6e0f4312d4d2107a8c9cddf45cd,SP,463,29587.77,5.399568034557236,4.130151843817788
3078096983cf766a32a06257648502d1,SP,56,7910.84,5.357142857142857,4.303571428571429
3bdff180c7e1f6551a643b99c265a120,SP,56,3008.2000000000003,5.357142857142857,4.254545454545455
8f119a0aee85c0c8fc534629734e94fd,SP,75,3578.88,5.333333333333334,4.28
05ff92fedb5be47920fea08e501238b9,RS,57,21235.98,5.263157894736842,4.315789473684211
bfd27a966d91cfaafdb25d076585f0da,SP,114,19225.0,5.263157894736842,4.31858407079646
1f9ab4708f3056ede07124aad39a2554,SP,76,13312.93,5.263157894736842,4.093333333333334
8a432f4e5b471f8da497d7dc517666e2,SP,95,7555.0,5.263157894736842,4.191489361702128
813348c996469b40f2e028d5429d3495,SP,172,10813.53,5.232558139534884,4.06508875739645
670c26e0f1bf8d0576271d5cfaec6d2b,PR,77,6250.1,5.194805194805195,4.311688311688312
f80edd2c5aaa505cc4b0a3b219abf4b8,SP,116,8855.5,5.172413793103448,4.147826086956521
f8db351d8c4c4c22c6835c19a46f01b0,SP,659,50082.6,5.159332321699544,4.263719512195122
282f23a9769b2690c5dda22e316f9941,MG,98,6464.28,5.1020408163265305,4.36734693877551
9f505651f4a6abe901a56cdc21508025,SP,393,25912.84,5.089058524173027,4.366666666666666
01cf7e3d21494c41fb86034f2e714fa1,PR,59,9439.56,5.084745762711865,4.120689655172414
f7720c4fa8e3aba4546301ab80ea1f1b,PR,59,2043.55,5.084745762711865,4.254237288135593
2528513dd95219a6013d4d05176e391a,SP,160,32660.2,5.0,3.968152866242038
e8b3a3a38279a82f0e5d006d5e5b7d2c,PR,80,11762.4,5.0,4.0125
7178f9f4dd81dcef02f62acdf8151e01,SC,202,36795.4,4.9504950495049505,4.059701492537314
4e7c18b98d84e05cbae3ff0ff03846c2,SP,81,9038.9,4.938271604938271,4.2
1e8b33f18b4f7598d87f5cbee2282cc2,SP,122,17233.56,4.918032786885246,4.4
0c7533c71df861ec58ad7ff999ed0e8d,SP,61,2989.2999999999997,4.918032786885246,4.147540983606557
cce6ab8d1682639fe45ab70234f1665f,SP,61,2442.7,4.918032786885246,4.508196721311475
7008613ea464bad5cb9b83456e1e6a8f,SC,123,7538.7,4.878048780487805,4.278688524590164
00fc707aaaad2d31347cf883cd2dfe10,PR,103,12684.9,4.854368932038835,4.078431372549019
1838dd9b8977065acf51d95e0053ea7a,MG,62,2750.5,4.838709677419355,4.370967741935484
a3a38f4affed601eb87a97788c949667,SC,251,26294.62,4.780876494023905,4.401606425702811
7299e27ed73d2ad986de7f7c77d919fa,MG,335,34107.44,4.776119402985075,4.429850746268657
36a968b544695394e4e9d7572688598f,SP,148,6864.47,4.72972972972973,3.75
febab0275244b9a49a623f0bd613ca2f,SP,106,7094.82,4.716981132075472,4.443396226415095
4d6d651bd7684af3fffabd5f08d12e5a,SP,363,42999.0,4.683195592286501,4.223756906077348
bd23da7354813347129d751591d1a6e2,SP,86,9704.6,4.651162790697675,4.117647058823529
aafe36600ce604f205b86b5084d3d767,SC,129,9251.4,4.651162790697675,4.403100775193798
710e3548e02bc1d2831dfc4f1b5b14d4,PR,131,22369.25,4.580152671755725,3.4307692307692306
de722cd6dad950a92b7d4f82673f8833,PE,337,55126.3,4.451038575667656,4.303571428571429
94144541854e298c2d976cb893b81343,RS,68,17286.28,4.411764705882353,4.253731343283582
ca3bd7cd9f149df75950150d010fe4a2,SP,68,9253.47,4.411764705882353,4.088235294117647
7b07b3c7487f0ea825fc6df75abd658b,SP,91,9259.47,4.395604395604396,4.417582417582418
c33847515fa6305ce6feb1e818569f13,SC,114,15519.85,4.385964912280701,3.8508771929824563
669ae81880e08f269a64487cfb287169,SC,161,13133.87,4.3478260869565215,4.2625
53243585a1d6dc2643021fd1853d8905,BA,348,217940.44,4.310344827586207,4.19364161849711
9de4643a8dbde634fe55621059d92273,SC,72,17560.34,4.166666666666666,4.527777777777778
80e6699fe29150b372a0c8a1ebf7dcc8,PR,96,11119.66,4.166666666666666,4.336842105263158
9d4db00d65d7760644ac0c14edb5fd86,SP,97,9845.710000000001,4.123711340206185,4.541666666666667
9e6229250fedbe05838fef417b74e7fb,SP,73,12962.300000000001,4.10958904109589,3.8904109589041096
080102cd0a76b09e0dcf55fcacc60e05,MG,122,5612.65,4.098360655737705,4.516393442622951
d94a40fd42351c259927028d163af842,MG,100,13674.8,4.0,4.214285714285714
25cf099de44674fde97473224f9d59ab,SP,50,1654.36,4.0,4.326530612244898
dfa0c4c6229ab200a4a1336b4d7128ff,SC,77,4777.1,3.896103896103896,4.0
6b243f80ed07b10f0e8aa0f21a205f3c,PR,79,6260.1,3.79746835443038,4.265822784810126
0db783cfcd3b73998abc6e10e59a102f,SP,132,9077.4,3.787878787878788,4.206106870229007
6c177e38df6d3f34182b1f1d427231bf,PR,53,8112.89,3.7735849056603774,4.150943396226415
750303a20e9c56b2a6bc45cdce0b897d,GO,53,7876.0,3.7735849056603774,4.30188679245283
062ce95fa2ad4dfaedfc79260130565f,RS,54,7479.1,3.7037037037037033,4.092592592592593
dbb9b48c841a0e39e21f98e1a6b2ec3e,SP,108,7186.85,3.7037037037037033,4.268518518518518
0b90b6df587eb83608a64ea8b390cf07,PR,163,28492.76,3.6809815950920246,4.037037037037037
db4350fd57ae30082dec7acbaacc17f9,SP,136,3304.3199999999997,3.6764705882352944,4.162962962962963
eeb6de78f79159600292e314a77cbd18,SC,82,43510.84,3.6585365853658534,4.439024390243903
ebd2d60905fb58271facef5596b620d3,SP,82,7713.02,3.6585365853658534,4.2317073170731705
0432ead42b6c8a0bdf68154add917fdf,SP,82,7574.400000000001,3.6585365853658534,4.536585365853658
85d9eb9ddc5d00ca9336a2219c97bb13,MG,499,15107.24,3.6072144288577155,4.223790322580645
9674754b5a0cb32b638cec001178f799,SP,84,4941.7300000000005,3.571428571428571,4.107142857142857
562fc2f2c2863ab7e79a9e4388a58a14,SP,255,8659.25,3.5294117647058822,4.229249011857707
1c68394e931a64f90ea236c5ea590300,PR,142,24832.75,3.5211267605633805,3.9014084507042255
44073f8b7e41514de3b7815dd0237f4f,DF,142,18380.64,3.5211267605633805,3.74468085106383
376a891762bbdecbc02b4b6adec3fdda,GO,57,6406.23,3.508771929824561,4.666666666666667
95e03ca3d4146e4011985981aeb959b9,RJ,172,10865.16,3.488372093023256,4.017647058823529
c864036feaab8c1659f65ea4faebe1da,PR,58,10454.2,3.4482758620689653,4.568965517241379
c6bda72e4dbf5c5866b13cb1810c6d03,SP,59,14059.380000000001,3.389830508474576,4.389830508474576
fcb5ace8bcc92f75707dc0f01a27d269,SP,59,8009.35,3.389830508474576,3.9827586206896552
5cf13accae3222c70a9cac40818ae839,MG,148,14293.300000000001,3.3783783783783785,4.476190476190476
86ccac0b835037332a596a33b6949ee1,SC,178,15894.34,3.3707865168539324,4.231638418079096
91f848e9f4be368f4318775aac733370,SP,60,5668.61,3.3333333333333335,4.396551724137931
709e16e2b25c7474d980076c6bfc4806,SP,60,5151.9,3.3333333333333335,4.516666666666667
d57e18d5f73c7ccb7f7339b61166898d,SP,61,3187.7,3.278688524590164,4.426229508196721
2a84855fd20af891be03bc5924d2b453,MG,155,14989.0,3.225806451612903,4.376623376623376
b92e3c8f9738272ff7c59e111e108d7c,MG,62,8231.09,3.225806451612903,4.161290322580645
ff063b022a9a0aab91bad2c9088760b7,SP,94,12076.5,3.1914893617021276,4.311827956989247
b76dba6c951ab00dc4edf0a1aa88037e,SP,157,2545.31,3.1847133757961785,4.219354838709678
8a32e327fe2c1b3511609d81aaf9f042,SP,126,6101.12,3.1746031746031744,3.944
520b493b57809f446cb0a233bb3e25c7,SP,63,3698.9,3.1746031746031744,4.301587301587301
76d64c4aca3a7baf218bf93ef7fa768d,PR,64,16911.8,3.125,4.234375
d566c37fa119d5e66c4e9052e83ee4ea,SP,65,5145.7,3.076923076923077,4.6875
5c243662ce92d84573bfaff24c3e3700,SP,98,32862.02,3.061224489795918,4.144329896907217
48162d548f5b1b11b9d29d1e01f75a61,SP,66,20109.39,3.0303030303030303,3.984848484848485
066a6914e1ebf3ea95a216c73a986b91,PR,66,8956.380000000001,3.0303030303030303,4.090909090909091
7722b1df1b0e383e000397b2c11e3e19,SP,133,7046.6,3.007518796992481,4.2272727272727275
966cb4760537b1404caedd472cc610a5,SP,67,45928.26,2.9850746268656714,4.134328358208955
ac3508719a1d8f5b7614b798f70af136,RS,101,12446.140000000001,2.9702970297029703,4.64
9646c3513289980f17226a2fc4720dbd,SP,69,2964.4,2.898550724637681,4.449275362318841
aaed1309374718fdd995ee4c58c9dfcd,SC,104,9345.45,2.8846153846153846,4.0576923076923075
30a2f535bb48308f991d0b9ad4a8c4bb,SP,71,4731.3,2.8169014084507045,4.28169014084507
1127b7f2594683f2510f1c2c834a486b,SP,110,6669.7,2.727272727272727,4.1909090909090905
17ca9b9e9b9ef8fdb529001b49ebb50f,MG,115,9649.86,2.608695652173913,4.069565217391304
37be5a7c751166fbc5f8ccba4119e043,SP,269,54735.55,2.6022304832713754,4.327067669172933
dbc22125167c298ef99da25668e1011f,MG,394,32829.12,2.5380710659898478,4.320610687022901
e26901d5ab434ce92fd9b5c256820a4e,SP,197,11601.5,2.5380710659898478,4.2030456852791875
080199a181c46c657dc5aa235411be3b,SP,79,14504.2,2.5316455696202533,4.615384615384615
c3cfdc648177fdbbbb35635a37472c53,PR,278,43048.18,2.5179856115107913,4.469314079422382
cab85505710c7cb9b720bceb52b01cee,SP,201,11124.6,2.4875621890547266,4.335
ce27a3cc3c8cc1ea79d11e561e9bebb6,SP,122,9465.45,2.459016393442623,4.188034188034188
8bb48dc19fccaa8613b6229bf7f452a2,SP,82,4190.72,2.4390243902439024,4.414634146341464
d98eec89afa3380e14463da2aabaea72,RS,168,6968.53,2.380952380952381,4.341317365269461
609e1a9a6c2539919b8205cf7c4e6ff0,SC,87,6595.23,2.2988505747126435,3.8117647058823527
06e5eefc71ec47ae763c5c6f8db7064f,RS,90,21648.670000000002,2.2222222222222223,3.977272727272727
259f7b5e6e482c230e5bfaa670b6bb8f,SP,136,8393.14,2.2058823529411766,4.348148148148148
b4ffb71f0cb1b1c3d63fad021ecf93e1,SP,143,6635.69,2.097902097902098,4.244755244755245
6cd68b3ed6d59aaa9fece558ad360c0a,MG,149,11188.57,2.013422818791946,4.456375838926174
b1a81260566c1bac3114a6d124413f27,RS,51,8684.69,1.9607843137254901,4.2745098039215685
751bdc4d83a466c7206cd42e8f426b03,SP,51,6520.96,1.9607843137254901,3.938775510204082
33a6f4b1e7cdc205511e76ba1b6e0186,SP,105,10295.01,1.9047619047619049,4.40952380952381
a5cba26a62b8b4d0145b68b841e62e7f,PR,53,14438.84,1.8867924528301887,4.566037735849057
612170e34b97004b3ba37eae81836b4c,RS,107,23065.02,1.8691588785046727,4.429906542056075
2dee2ce60de9709b1a24083217181a1f,MT,54,7784.5,1.8518518518518516,4.425925925925926
289cdb325fb7e7f891c38608bf9e0962,SP,109,13410.55,1.834862385321101,4.587155963302752
1b8356dabde1d35e17cef975c3f82730,SP,55,3366.4,1.8181818181818181,4.218181818181818
6c7d50c24b3ccd2fd83b44d8bb34e073,SP,112,8445.960000000001,1.7857142857142856,4.45045045045045
0ea22c1cfbdc755f86b9b54b39c16043,MG,234,10592.1,1.7094017094017095,4.411255411255412
229c3efbfb0ea2058de4ccdfbc3d784a,MG,118,15479.0,1.694915254237288,3.623931623931624
582d4f8675b945722eda7c0cb61ba4c7,SP,59,4702.96,1.694915254237288,4.1525423728813555
8ae520247981aa06bc94abddf5f46d34,SC,65,16320.99,1.5384615384615385,4.446153846153846
9d5a9018aee56acb367ba9c3f05d1d6a,GO,66,10119.98,1.5151515151515151,4.454545454545454
cb8bcce248bb1fb274ba762d8b971456,MG,66,9152.4,1.5151515151515151,4.333333333333333
12b9676b00f60f3b700e83af21824c0e,RS,133,26376.0,1.5037593984962405,4.553030303030303
822166ed1e47908f7cfb49946d03c726,RJ,69,3714.83,1.4492753623188406,3.985294117647059
d12c926d74ceff0a90a21184466ce161,SP,76,3850.2799999999997,1.3157894736842104,4.381578947368421
d921b68bf747894be13a97ae52b0f386,MG,77,15645.8,1.2987012987012987,4.558441558441558
744dac408745240a2c2528fb1b6028f3,PR,78,22322.6,1.282051282051282,4.576923076923077
0df3984f9dfb3d49ac6366acbd3bbb85,MG,86,9891.49,1.1627906976744187,4.383720930232558
725c32fa80c2faacc4fc88450d27314e,SP,89,7838.88,1.1235955056179776,4.517241379310345
530ec6109d11eaaf87999465c6afee01,PR,94,12682.11,1.0638297872340425,4.340425531914893
8c16d1f32a54d92897cc437244442e1b,SC,108,5642.6,0.9259259259259258,4.355140186915888
0bae85eb84b9fb3bd773911e89288d54,SP,136,7433.5599999999995,0.7352941176470588,4.294117647058823
e882b2a25a10b9c057cc49695f222c19,RJ,57,51057.54,0.0,4.578947368421052
2b3e4a2a3ea8e01938cabda2a3e5cc79,SP,52,23629.15,0.0,4.365384615384615
b372ee768ed69e46ca8cdbd267aa7a38,SP,63,12630.0,0.0,4.428571428571429
f3b80352b986ab4d1057a4b724be19d0,DF,86,9815.1,0.0,4.209302325581396
cc63f0dd2acba93ffed4fe9f8e0321fa,SP,55,7096.71,0.0,4.090909090909091
fa1a9dec3a9940c072684a46728bf1fc,SC,55,6674.0,0.0,4.111111111111111
57e632711dec9ec14ca7546769483e7e,SC,62,6350.06,0.0,4.419354838709677
9616352088dcf83a7c06637f4ebf1c80,PR,91,5643.099999999999,0.0,4.351648351648351
fc906263ca5083d09dce42fe02247800,MG,112,4417.9,0.0,4.375
3504c0cb71d7fa48d967e0e4c94d59d9,SP,53,2349.94,0.0,4.415094339622642
